{
  "version": "20251125_030711",
  "model_type": "multilabel",
  "created_at": "2025-11-25T03:07:21.245964",
  "metrics_summary": {
    "label_aucs": {
      "twf": 0.9614011601963409,
      "hdf": 0.9999560381588781,
      "pwf": 1.0,
      "osf": 0.9990787481070166,
      "rnf": 0.6891587381071608
    }
  },
  "trained_samples": 10004
}