{
  "version": "20251217_000521",
  "model_type": "multilabel",
  "created_at": "2025-12-17T00:05:31.627404",
  "metrics_summary": {
    "label_aucs": {
      "twf": 0.9611585467939059,
      "hdf": 0.9999120318444723,
      "pwf": 1.0,
      "osf": 0.9970959595959596,
      "rnf": 0.6593186372745491
    }
  },
  "trained_samples": 10000
}